Company,Sector
it graduate,Recruitment
rjc group,Recruitment
austin fraser,Recruitment
hexwired recruitment limited,Recruitment
eligo recruitment ltd,Recruitment
illumina,Biotechnology
systems accountants,Recruitment
alvarium talent,Recruitment
universities superannuation scheme (ltd),Unknown
accolite,Technology
itonlinelearning,Education
medmatch,Healthcare
holiferm,Biotechnology
mj quinn intergrated services,Unknown
finelk,Public Relations
dataconsulting,Consulting
affinity water,Utilities
harnham,Recruitment
blackrock,Financial Services
captify®,Marketing Technology
innovate,Consulting
next gen diagnostics,Healthcare
ripple,Financial Technology
checkout.com,Financial Technology
intellect group,Recruitment
king,Gaming
aci marketing ltd,Recruitment
sharpsmart,Healthcare
intellect group,Recruitment
nichola act,Recruitment
it graduate,Recruitment
legal and general,Financial Services
yassir,Transportation
etoro,Financial Technology
austin fraser,Recruitment
ucb,Pharmaceuticals
asos,Retail
intellect group,Recruitment
network it,Recruitment
vrs-uk,Recruitment
pep health,Healthcare Technology
intec select,Recruitment
rightmove,Real Estate
examworksuk,Healthcare
locke and mccloud,Recruitment
aviva,Financial Services
stephens harwood,Legal Services
multiverse,Education Technology
yes energy llc,Energy
digital realty,Real Estate
longshot systems ltd,Unknown
tvs supply chain solutions,Logistics
ripjar,Technology
siemens,Conglomerate
sky,Media
hed workshop,Design
dentsu,Advertising
stott & may professial search limited,Recruitment
in technology group,Recruitment
reds10 (uk) ltd,Construction 
trustpilot,Technology
rise technical recruitment limited,Recruitment
ben,Healthcare
euro car parks,Parking Services
right now residential,Real Estate
frontier economics,Consulting
sdg group uk,Consulting
parico,Defence 
space nk,Retail
thredd,Technology
retail reporting analyst,Retail
alfa technology,Technology
tencent,Technology
butterworth laboratories,Pharmaceuticals
srg,Recruitment
cbsbutler holdings,Recruitment
tvs scs,Logistics
0.0012,Consulting
vrs-uk,Recruitment
spectrum it recruitment,Recruitment
russell taylor group ltd,Recruitment
search allies ltd,Recruitment
s3 science,Recruitment
austin fraser,Recruitment
acorn by synergie,Recruitment
alexander steele,Recruitment
vrs-uk,Recruitment
tritility limited,Energy
brown turner ross limited,Legal Services
simplyhealth,Healthcare
grayce,Consulting
ebay,E-commerce
consoneai,Technology
anthony nolan,Non-Profit
bennett and game recruitment ltd,Recruitment
adecco,Recruitment
diligenta,Financial Services
pn daly ltd,Utility 
one big circle ltd,Technology
argid limited,Consulting
hyperexponential,Technology
albany beck,Consulting
cognism,Technology
michael bailey associates,Recruitment
i-neda ltd,Gambling
count,Financial Technology
kingsway group,Manufacturing
mencap,Non-Profit
performance analyst,Consulting
accountable recruitment limited,Recruitment
royal pharmacy society,Healthcare
gateley,Legal Services
la fosse associates ltd,Unknown
artefact,Consulting
right now residential,Real Estate
hays,Recruitment
just group,Financial Services
myairops,Technology
zeki,Technology
matchtech technology,Recruitment
scipro,Recruitment
intellect group,Recruitment
micropathology ltd,Biotechnology
barker ross,Recruitment
information tech consultants,Consulting
pontoon,Recruitment
illumina,Biotechnology
jisc,Education Technology
it graduate,Recruitment
it graduate,Recruitment
hyper recruitment solutions ltd,Recruitment
ck group,Recruitment
adecco,Recruitment
omnicom,Advertising
rbw consulting,Recruitment
biovia,Technology
capua,Consulting
veeva systems inc,Technology
speechmatics,Technology
ayko digital ltd,Unknown
reallymoving,Real Estate
marex,Financial Services
janus henders,Unknown
munich re specialty - global markets,Insurance
aspen insurance group,Insurance
portfolio information analyst,Financial Services
jsk consultancy ltd,Unknown
youlend,Financial Technology
2i recruit ltd,Unknown
hunter ahp resourcing,Recruitment
financial conduct authority,Government
randstad,Recruitment
adecco,Recruitment
aspire people,Recruitment
career sprint,Recruitment
jobwize,Recruitment
hunter ahp resourcing,Recruitment
mane contract services,Recruitment
danaher,Conglomerate
trutex ltd,Unknown
technology summer internship (london),Recruitment
credit agricole cib,Financial Services
it graduate,Recruitment
in technology group,Recruitment
reed technology,Recruitment
hays,Recruitment
illuma technology,Technology
mimecast,Technology
cosourced,Consulting
sava,Consulting
octopus energy group,Energy
hays,Recruitment
gekko,Marketing
xelix,Technology
how to job ltd,Unknown
gate.io,Financial Technology
aviva,Financial Services
connexa,Recruitment
ambee beauty clinic,Healthcare
pennylane,Financial Technology
vfs global uk limited,Services
local solution,Non-Profit
roundsys ltd,Unknown
sammons recruitment ltd,Unknown
berkeley square it ltd,Unknown
berkeley square it ltd,Unknown
golondon group,Recruitment
career sprint,Recruitment
diversita,Unknown
txm recruit,Recruitment
reds10 (uk) ltd,Unknown
txm recruit,Recruitment
edf limited,Energy
barrington james,Recruitment
bbc,Unknown
energy jobline,Unknown
aqa,Unknown
hyper recruitment solutions ltd,Unknown
aviva,Financial Services
s3 science,Recruitment
enterprise recruitment ltd,Unknown
northreach,Unknown
northreach,Unknown
bjss,Unknown
career sprint,Recruitment
career sprint,Recruitment
hatched recruitment group,Unknown
funding circle,Unknown
lidl gb,Unknown
zurich insurance company ltd,Unknown
bending spoons,Unknown
alphasights,Unknown
xcede uk,Unknown
3h partners,Unknown
elpis maritime limited,Unknown
evolveyou,Unknown
ki,Unknown
lightyear,Unknown
diamond light source,Unknown
xcede uk,Unknown
experis,Unknown
alphasights,Unknown
hays,Recruitment
adverity,Unknown
cedar recruitment,Unknown
accountable recruitment limited,Recruitment
joinrs uk,Unknown
job switch ltd,Unknown
capital on tap,Unknown
austin fraser,Recruitment
winterflood securities,Unknown
fortice,Unknown
welsh water,Unknown
fuse energy,Unknown
idexx,Unknown
nhs professionals,Unknown
iag cargo,Unknown
portland leisure advisers,Unknown
lorien,Unknown
crane court gallery,Unknown
a lings group limited,Unknown
innovate,Consulting
allica bank,Unknown
transport for london,Unknown
adecco,Recruitment
cititec,Unknown
gordon yates,Unknown
harvey nash,Unknown
interquest group,Unknown
kx recruit,Unknown
linkpoint recruitment specialists,Unknown
maclean moore,Unknown
marks sattin,Unknown
michael james associates,Unknown
vanguard group,Unknown
plenitude consulting,Unknown
qualient,Unknown
razorpoint,Unknown
twilio,Unknown
gracye,Unknown
career sprint,Recruitment
career sprint,Recruitment
shift technology,Unknown
ea change,Unknown
nhs,Unknown
wintermute,Unknown
verian group,Unknown
lightyear,Unknown
zeki,Technology
sellick partnership,Unknown
hays,Recruitment
vertical advantage limited,Unknown
corecom consulting,Unknown
data careers ltd,Unknown
harvey beric associates,Unknown
huxley associates,Unknown
in technology group,Recruitment
in technology group,Recruitment
nextech,Unknown
proactive appointments,Unknown
probus recruitment ltd,Unknown
sewell wallis ltd,Unknown
sf recruitment,Unknown
pertemps,Unknown
nigel frank international,Unknown
omni rms,Unknown
data careers ltd,Unknown
duval associates,Unknown
vermelo rpo,Unknown
sr2,Unknown
urban jungle,Unknown
"10,000 black interns",Unknown
client server,Unknown
ishanvi limited,Unknown
nigel frank international,Unknown
langley james,Unknown
diagonal recruitment,Unknown
hays,Recruitment
finlay jude associates,Unknown
kenton black,Unknown
think specialist recruitment,Unknown
bip uk,Unknown
intellect group,Recruitment
joinrs,Unknown
austin fraser,Recruitment
think specialist recruitment,Unknown
localjobs4u,Unknown
recruitment index,Unknown
levy professionals,Unknown
qa,Unknown
qa,Unknown
be amazed media ltd,Unknown
etoro,Financial Technology
wintermute,Unknown
ranstad,Unknown
randstad,Recruitment
randstad,Recruitment
trustpliot,Unknown
ngenium,Unknown
babington,Unknown
just it recruitment,Unknown
just it recruitment,Unknown
sanctuary group,Unknown
baltic apprenticeship,Unknown
in technology group,Recruitment
how to job ltd,Unknown
how to job ltd,Unknown
bsw heating ltd,Unknown
amazon web services,Unknown
playstation global,Unknown
sparta global,Unknown
sparta global,Unknown
sparta global,Unknown
_nology,Unknown
this is alexander faraday,Unknown
nfp people ltd,Unknown
computappoint,Unknown
robert half,Unknown
dataannotation,Unknown
talent staffing ltd,Unknown
reed talent solutions,Unknown
lorien resourcing,Unknown
frontline group,Unknown
burton bolton & rose recruitment services,Unknown
proactive appointments,Unknown
no1 legal and professional,Unknown
proactive appointments,Unknown
burton bolton & rose recruitment services,Unknown
no1 legal and professional,Unknown
bank of america,Financial Services
blackrock,Financial Services
blackrock,Financial Services
recruitment index,Unknown
starling bank,Unknown
blackrock,Financial Services
blackrock,Financial Services
qa,Unknown
qa,Unknown
goodman masson,Unknown
cambridge spark,Unknown
cambridge spark,Unknown
executive recruitment ltd,Unknown
information tech consultants,Consulting
information tech consultants,Consulting
aqa,Unknown
s4 personel limited,Unknown
huxley associates,Unknown
in technology group,Recruitment
intec select,Recruitment
ubiquity press,Unknown
talenttrade recruitment limited,Unknown
verisure services (uk) limited,Unknown
alfred rennox,Unknown
taylor james resourcing,Unknown
uxbridge employment agency,Unknown
office angels,Unknown
legal and general,Financial Services
linktree,Unknown
cadence design systems,Unknown
iq talent solutions,Unknown
iq talent solutions,Unknown
people tower ltd,Unknown
build recruitment,Unknown
builondon recruitment,Unknown
russell king associates,Unknown
novax recruitment,Unknown
hays,Recruitment
hatched recruitment group,Unknown
hatched recruitment group,Unknown
hatched recruitment group,Unknown
hays,Recruitment
novax recruitment,Unknown
russell king associates,Unknown
io sphere,Unknown
awin,Unknown
awin,Unknown
carbon 60,Unknown
pontoon,Recruitment
randstad,Recruitment
pontoon,Recruitment
randstad,Recruitment
how to job ltd,Unknown
83zero limited,Unknown
liberis,Unknown
bae systems,Unknown
citygrad,Unknown
regal brooke limited,Unknown
appointments group,Unknown
boston hale,Unknown
focus resourcing,Unknown
hays,Recruitment
intec select,Recruitment
manpower uk ltd,Unknown
venture recruitment partners,Unknown
kairos recruitment group,Unknown
lhh recruitment,Unknown
the workplace consultancy,Unknown
chapman tate associates,Unknown
chapman tate associates,Unknown
arc it recruitment,Unknown
randstad,Recruitment
tandem talent,Unknown
austin fraser,Recruitment
hatched recruitment group,Unknown
leonardo,Unknown
kairos recruitment group,Unknown
e-therapeutics,Unknown
scalexperts,Unknown
in technology group,Recruitment
formula 1,Unknown
day lewis,Unknown
alfred rennox,Unknown
vivo talent,Unknown
ajr management ltd,Unknown
harnham,Recruitment
free-work uk,Unknown
gazelle professional recruitment solution,Unknown
opus recruitment solutions,Unknown
teksystems,Unknown
cherry professional,Unknown
talent locker,Unknown
avanti recruitment,Recruitment
ocs,Unknown
avanti recruitment,Recruitment
gekko,Marketing
goodman masson,Unknown
xist4 it recruitment ltd,Recruitment
omega resource group,Unknown
verisk,Unknown
cps group (uk) limited,Unknown
office angels,Recruitment
vivo talent,Unknown
finlay jude associates,Unknown
ralph recruitment,Recruitment
bristow holland ltd,Unknown
industrious recruitment,Recruitment
morson talent,Recruitment
randstad,Recruitment
tate,Unknown
village staff limited,Unknown
cast uk limited,Unknown
proactive appointments,Unknown
s3 science,Recruitment
omni rms,Unknown
investigo,Unknown
harper may ltd,Unknown
cms uk,Unknown
harmonic group ltd,Unknown
reed,Unknown
360 talent london,Unknown
information tech consultants,Consulting
deerfoot recruitment solution limited,Unknown
83zero ltd,Unknown
ef recruitment,Unknown
orbit discovery,Unknown
draftkings,Unknown
cognizant,Unknown
think specialist recruitment,Unknown
workplace futures group,Unknown
colbern limited,Unknown
builondon recruitment,Unknown
ecs resource group ltd,Unknown
fairmont recruitment ltd,Unknown
huntress - key accounts,Unknown
morgan mckinley,Unknown
ef recruitment,Unknown
oes,Unknown
msps limited,Unknown
hunter selection,Unknown
arriva group,Unknown
imperial college london,Unknown
netbuilder hub,Unknown
redtech recruitment ltd,Unknown
harris federation,Unknown
turn2us,Unknown
alfred rennox,Unknown
jll,Unknown
accurx,Unknown
spectrum it recruitment,Recruitment
hays,Recruitment
erin associates,Unknown
morgan mckinley,Unknown
meraki talent limited,Unknown
fisher german,Unknown
sheridan ward recruitment services,Unknown
qubit talent ltd,Unknown
harnham,Recruitment
citygrad,Unknown
carousel consultancy,Unknown
fram search,Unknown
omni rms,Unknown
ashdown group,Unknown
akkodis,Unknown
additional resources,Unknown
stone talent solutions ltd,Unknown
aj bell,Unknown
atlas recruitment group limited,Unknown
nextech,Unknown
connexa,Recruitment
manual,Unknown
acs business performance ltd,Unknown
connexa,Recruitment
forsyth barnes,Unknown
marc daniels,Unknown
network it,Recruitment
asl technical ltd,Unknown
adecco,Recruitment
rebel recruitment limited,Unknown
qubit talent ltd,Unknown
vermelo rpo,Unknown
elevation recruitment group,Unknown
intec select,Recruitment
cedar,Unknown
hays,Recruitment
elysium healthcare,Healthcare Technology
vermelo rpo,Recruitment
vermelo rpo,Recruitment
vermelo rpo,Recruitment
horizon care & education care and education group,Unknown
reed,Unknown
acs performance,Unknown
computappoint,Unknown
transunion,Unknown
vermelo rpo,Unknown
vermelo rpo,Unknown
xpertise recruitment,Unknown
citywire,Unknown
manpower uk ltd,Unknown
clearcourse,Unknown
jga recruitment,Unknown
linkpoint resources limited,Unknown
interquest group,Unknown
sr2,Unknown
rullion limited,Unknown
in technology group,Recruitment
hays,Recruitment
hays,Recruitment
dahlia recruitment,Unknown
brellis recruitment,Unknown
network it,Recruitment
gregory martin international,Unknown
centre for sustainable energy,Unknown
network scientific,Unknown
randstad,Recruitment
cra consulting,Unknown
manpower uk ltd,Unknown
deltra group,Unknown
in technology group,Recruitment
sphere digital recruitment,Unknown
page personnel finance,Unknown
robert half,Unknown
typhoon recruitment,Unknown
howett thorpe,Unknown
unity five ltd,Unknown
the talent crowd,Unknown
longreach recruitment,Unknown
adecco,Recruitment
antony james recruitment ltd,Unknown
mmp consultancy,Unknown
birchley consultancy limited,Unknown
equiniti,Unknown
datatech analytics,Unknown
hays,Recruitment
reed,Unknown
nextech,Unknown
third nexus group limited,Unknown
ardour associates ltd,Unknown
infused solutions ltd,Unknown
isr recruitment,Unknown
langham recruitment,Unknown
mmp consultancy,Unknown
austin fraser,Recruitment
hays,Recruitment
integral recruitment ltd,Unknown
omni rms,Unknown
marston hidings,Unknown
data careers ltd,Unknown
fusion people ltd,Unknown
randstad,Recruitment
fynity,Unknown
white horse professional resources,Unknown
market financial solutions,Unknown
the portfolio group,Unknown
alfred rennox,Unknown
hans lee resourcing ltd,Unknown
gsk,Unknown
box delta insights,Unknown
factset research systems inc.,Unknown
connectr,Unknown
macro hive,Unknown
hotwire - london,Unknown
hook,Unknown
information tech consultants,Consulting
third nexus group limited,Unknown
nextech,Unknown
teksystems,Unknown
harnham,Recruitment
in technology group,Recruitment
method resourcing,Unknown
probus recruitment ltd,Unknown
informed recruitment,Unknown
intec select,Recruitment
the portfolio group,Unknown
office angels,Unknown
xpertise recruitment,Unknown
spectrum it recruitment,Recruitment
beaumont select,Unknown
harnham,Recruitment
alfred rennox,Unknown
intec select,Recruitment
octopus energy group,Energy
jga recruitment,Unknown
sthree,Unknown
qube research & technologies,Unknown
cred,Unknown
siemens digital industries software,Unknown
rwhealth,Unknown
deutsche bank,Unknown
universal music group ltd,Unknown
redcloud,Unknown
veeva systems,Unknown
synthomer ltd,Unknown
mccabe & bart,Unknown
medtronic ltd,Unknown
datatech,Unknown
huxley associates,Unknown
aldwych consulting,Unknown
sf recruitment,Unknown
damia group ltd,Unknown
hays,Recruitment
third nexus group limited,Unknown
fynity,Unknown
vox network consultants,Unknown
gcs ltd,Unknown
aston carter,Unknown
aston carter,Unknown
change-it consulting ltd,Unknown
love & tate plc,Unknown
merrifielondon consultants,Unknown
jamieson clark,Unknown
longreach recruitment,Unknown
guidant global,Unknown
office angels,Unknown
alfred rennox,Unknown
mindshare worldwide,Unknown
pan asia box limited,Unknown
deloitte,Unknown
peregrine future talent,Unknown
caterpillar,Unknown
systra,Unknown
tnei,Unknown
fertility patient liaison,Unknown
metabase,Unknown
engine by starling,Unknown
relay,Unknown
colbern limited,Unknown
adecco,Recruitment
julie rose recruitment,Recruitment 
hays,Recruitment
michael page,Unknown
akkodis,Unknown
kairos recruitment group,Recruitment 
allen & york (built and natural environment) ltd,Unknown
addition solutions ltd,Unknown
spectrum it recruitment,Recruitment
omni rms,Unknown
cloudy people,Unknown
national physical laboratory,Unknown
s4 personel limited,Unknown
accountable recruitment limited,Recruitment
crims,Unknown
alderley edge school for girls,Unknown
nichola act,Recruitment
intertek,Unknown
,
,
,
,
,
,
,
,
,
,
,
,
,
,
,
,
,
,
,
,
,
,
,
,
,
,
,
,
,
,
,
,
,
,
,
,
,
,
,
,
,
,
,
,
,
,
,
,
,
,
,
,
,
,
,
,
,
,
,
,
,
,
,
,
,
,
,
,
,
,
,
,
,
,
,
,
,
,
,
,
,
,
,
,
,
,
,
,
,
,
,
,
,
,
,
,
,
,
,
,
,
,
,
,
,
,
,
,
,
,
,
,
,
,
,
,
,
,
,
,
,
,
,
,
,
,
,
,
,
,
,
,
,
,
,
,
,
,
,
,
,
,
,
,
,
,
,
,
,
,
,
,
,
,
,
,
,
,
,
,
,
,
,
,
,
,
,
,
,
,
,
,
,
,
,
,
,
,
,
,
,
,
,
,
,
,
,
,
,
,
,
,
,
,
,
,
,
,
,
,
,
,
,
,
,
,
,
,
,
,
,
,
,
,
,
,
,
,
,
,
,
,
,
,
,
,
,
,
,
,
,
,
,
,
,
,
,
,
,
,
,
,
,
,
,
,
,
,
,
,
,
,
,
,
,
,
,
,
,
,
,
,
,
,
,
,
,
,
,
,
,
,
,
,
,
,
,
,
,
,
,
,
,
,
,
,
,
,
,
,
,
,
,
,
,
,
,
,
,
,
,
,
,
,
,
,
,
,
,
,
,
,
,
,
,
,
,
,
,
,
,
,
,
,
,
,
,
,
,
,
,
,
,
,
,
,
,
,
,
,
,
,
,
,
,
,
,
,
,
,
,
,
,
,
,
,
,
,
,
,
,
,
,
,
,
,
,
,
,
,
,
,
,
,
,
,
,
,
,
,
,
,
,
,
,
,
,
,
,
,
,
,
,
,
,
,
,
,
,
,
,
,
,
,
,
,
,
,
,
,
,
,
,
,
,
,
,
,
,
,
,
,
,
,
,
,
,
,
,
,
,
,
,
,
,
,
,
,
,
,
,
,
,
,
,
,
